nome,preco,loja,url,categoria
"Notebook Asus Vivobook Go 15, AMD Ryzen 5, 8GB de Memória, Armazenamento 512GB SSD, Windows 11 Home, Preto, Tela de 15,6, E1504FA-NJ836W CX 1 UN",4599.91,kalunga,https://www.kalunga.com.br/prod/notebook-asus-vivobook-go-15-amd-ryzen-5-8gb-de-memoria-armazenamento-512gb-ssd-windows-11-home-preto-tela-de-15-6-e1504fa-nj836w-cx-1-un/222726,notebook
"Notebook ASUS Vivobook Go 15, Intel Celeron N4500 Dual Core, 4GB de Memória, Armazenamento 128GB eMMC, Windows 11 Home, Tela de 15,6, Rose Pink, com Microsoft 365 Personal 12 Meses*, ASUS – E510KA-BR833WS CX 1 UN",2667.08,kalunga,https://www.kalunga.com.br/prod/notebook-asus-vivobook-go-15-intel-celeron-n4500-dual-core-4gb-de-memoria-armazenamento-128gb-emmc-windows-11-home-tela-de-15-6-rose-pink-com-microsoft-365-personal-12-meses-asus-e510ka-br833ws-cx-1-un/220088,notebook
"Notebook ASUS Vivobook Go 15, AMD Athlon Silver 10, 8GB de Memória, Armazenamento 128GB SSD, Windows 11 Home, Tela de 15,6, Preto, E1504FA-BQ5315W, ASUS – CX 1 UN",3311.08,kalunga,https://www.kalunga.com.br/prod/notebook-asus-vivobook-go-15-amd-athlon-silver-10-8gb-de-memoria-armazenamento-128gb-ssd-windows-11-home-tela-de-15-6-preto-e1504fa-bq5315w-asus-cx-1-un/220040,notebook
"Notebook Asus Vivobook Go 15, AMD Athlon Silver 10, 4GB de Memória, Armazenamento 128GB SSD, Windows 11 Home, Rose, Tela de 15,6, E1504FA-BQ5313WS CX 1 UN",3035.08,kalunga,https://www.kalunga.com.br/prod/notebook-asus-vivobook-go-15-amd-athlon-silver-10-4gb-de-memoria-armazenamento-128gb-ssd-windows-11-home-rose-tela-de-15-6-e1504fa-bq5313ws-cx-1-un/220038,notebook
"Notebook ASUS Vivobook 16 X1605VA, Processador Intel Core i7, 16GB de Memória, Armazenamento 512GB SSD, Windows 11 Home, Tela de 16, Prata, ASUS - CX 1 UN",6706.8,kalunga,https://www.kalunga.com.br/prod/notebook-asus-vivobook-16-x1605va-processador-intel-core-i7-16gb-de-memoria-armazenamento-512gb-ssd-windows-11-home-tela-de-16-prata-asus-cx-1-un/222725,notebook
"Notebook Asus Vivobook Go 15, AMD Athlon Silver 10, 4GB de Memória, Armazenamento 128GB SSD, Windows 11 Home, Tela de 15,6, Preto, E1504FA-BQ5312WS, ASUS - CX 1 UN",3035.08,kalunga,https://www.kalunga.com.br/prod/notebook-asus-vivobook-go-15-amd-athlon-silver-10-4gb-de-memoria-armazenamento-128gb-ssd-windows-11-home-tela-de-15-6-preto-e1504fa-bq5312ws-asus-cx-1-un/220037,notebook
"Notebook Lenovo IdeaPad Slim 3 AMD Ryzen 5 7535HS, 8GB, AMD Radeon Graphics, SSD 512GB, 15.3"" WUXGA 1920x1200, Linux - 83MMS00300",4703.04,Kabum,https://www.kabum.com.br/produto/1037468/notebook-lenovo-ideapad-slim-3-amd-ryzen-5-7535hs-8gb-amd-radeon-graphics-ssd-512gb-15-3-wuxga-1920x1200-linux-83mms00300,notebook
"Notebook Gamer Dell Alienware 15, Intel Core i5, 8GB RAM, SSD 512GB, 15.3"" WUXGA, NVIDIA GeForce RTX 4050, Windows 11, Preto - DA15-C5210H-A30",9690.17,Kabum,https://www.kabum.com.br/produto/1066088/notebook-gamer-dell-alienware-15-intel-core-i5-8gb-ram-ssd-512gb-15-3-wuxga-nvidia-geforce-rtx-4050-windows-11-preto-da15-c5210h-a30,notebook
"Notebook Asus Vivobook Go 15 E1504fa Amd Ryzen 5 7520u 16gb Ram 512gb SSD Linux Keepos Tela 15,6"" LED Fhd Black - Nj1288",3899.0,Kabum,https://www.kabum.com.br/produto/649861/notebook-asus-vivobook-go-15-e1504fa-amd-ryzen-5-7520u-16gb-ram-512gb-ssd-linux-keepos-tela-15-6-led-fhd-black-nj1288,notebook
"Notebook Gamer Acer Nitro V15, AMD Ryzen 7 7735HS, 8GB RAM, SSD 512GB, RTX 4050, Tela 15.6"" Full HD IPS 165Hz, Linux - ANV15-41-R6J0",7199.1,Kabum,https://www.kabum.com.br/produto/1048035/notebook-gamer-acer-nitro-v15-anv15-41-r6j0-amd-ryzen-7-7735hs-8gb-ram-512gb-ssd-rtx-4050-linux-15-6-,notebook
"Notebook Acer Aspire 5 A515-45-R478, AMD Ryzen 5-5500U, 16GB RAM, 512GB SSD, 15.6"" FHD LED, IPS, 60Hz, Linux Gutta - NX.AYDAL.00R",5745.6,Kabum,https://www.kabum.com.br/produto/952233/notebook-acer-aspire-5-a515-45-r478-amd-ryzen-5-5500u-16gb-ram-512gb-ssd-15-6-fhd-led-ips-60hz-linux-gutta-nx-aydal-00r,notebook
"Notebook Gamer Lenovo LOQ 15IRX9, 15.6"" Full HD 144Hz, Intel Core i5-13450HX, 16GB, 512GB SSD, NVIDIA RTX 4050, Linux - 83KHS00300",7873.32,Kabum,https://www.kabum.com.br/produto/1003399/notebook-gamer-lenovo-loq-15irx9-15-6-full-hd-144hz-intel-core-i5-13450hx-16gb-512gb-ssd-nvidia-rtx-4050-linux-83khs00300,notebook
"Notebook Gamer Lenovo Loq 15irx9 Intel Core i5-13450hx 16gb 512gb SSD RTX 3050 Linux 15.6"" - 83khs00200 Luna Grey",6922.01,Kabum,https://www.kabum.com.br/produto/1015415/notebook-gamer-lenovo-loq-15irx9-intel-core-i5-13450hx-16gb-512gb-ssd-rtx-3050-linux-15-6-83khs00200-luna-grey,notebook
"Notebook Gamer Acer Nitro V15, Intel Core i9-13900H 13ª Geração, 16GB RAM, SSD 512GB, RTX 4060, Tela 15.6"" Full HD, Windows 11 Home - ANV15-52-96AQ",9499.05,Kabum,https://www.kabum.com.br/produto/892575/notebook-acer-nitro-v15-intel-core-i9-13900h-de-13-g-16gb-ssd-512gb-rtx4060-tela-15-6-full-hd-windows-11-home-anv15-52-96aq,notebook
"Notebook Lenovo Ideapad Slim 3 15irh10 Intel Core i5-13420h 8GB 512gb SSD Linux 15.3"" - 83nss00000 Luna Grey",4350.61,Kabum,https://www.kabum.com.br/produto/895426/notebook-lenovo-ideapad-slim-3-15irh10-intel-core-i5-13420h-8gb-512gb-ssd-linux-15-3-83nss00000-luna-grey,notebook
"Notebook Gamer Predator Helios Neo 16 AI, Intel Core Ultra 7 255HX, 16GB RAM, SSD 512GB, RTX 5070, Tela 16"" WQXGA, Windows 11 Home - PHN16-73-76TF",12349.05,Kabum,https://www.kabum.com.br/produto/989341/notebook-gamer-predator-helios-neo-16-ai-intel-core-ultra-7-255hx-16gb-ram-rtx-5070-8gb-ssd-512gb-tela-16-windows-11-home,notebook
"Notebook Lenovo Ideapad 1 Amd Ryzen 5 7520u 8GB 512gb SSD Linux 15"" - 82x5s00700",3757.21,Kabum,https://www.kabum.com.br/produto/1058801/notebook-lenovo-ideapad-1-amd-ryzen-5-7520u-8gb-512gb-ssd-linux-15-82x5s00700,notebook
"Notebook Acer Aspire Go 15 AG15-51P-564V, Intel Core i5-1334U, 16GB RAM, Intel Iris Xe, SSD 512GB, 15.6"" FHD, Win 11, Azul - NX.JGFAL.006",5999.0,Kabum,https://www.kabum.com.br/produto/1066358/notebook-acer-aspire-go-15-ag15-51p-564v-intel-core-i5-1334u-16gb-ram-intel-iris-xe-ssd-512gb-15-6-fhd-win-11-azul-nx-jgfal-006,notebook
"Notebook Asus Tuf Gamer F16 Fx607vu Nvidia RTX 4050 Intel Core 5 210h 16gb Ram 512gb SSD Linux 16"" Lcd LED Fhd Nível Ips 144 Hz Rl385",6799.06,Kabum,https://www.kabum.com.br/produto/1042928/notebook-asus-tuf-gamer-f16-fx607vu-nvidia-rtx-4050-intel-core-5-210h-16gb-ram-512gb-ssd-linux-16-lcd-led-fhd-nivel-ips-144-hz-rl385,notebook
"Notebook Gamer Predator Helios Neo 16 AI, Intel Core Ultra 9 275HX, 32GB RAM, SSD 1TB, RTX 5070, Tela 16"" WQXGA 240Hz, Windows 11 Home - PHN16-73-96SW",14399.1,Kabum,https://www.kabum.com.br/produto/996095/notebook-gamer-predator-helios-neo-16-ai-phn16-73-96sw-intel-core-ultra-9-275hx-32gb-ram-1tb-ssd-rtx-5070-16-,notebook
"Notebook Dell 15 Dc15-i51334u-u50 15.6"" Full Hd 13ª Gen Intel Core i5 8GB 512gb SSD Linux Preto Carbono",5141.88,Kabum,https://www.kabum.com.br/produto/1028019/notebook-dell-15-dc15-i51334u-u50-15-6-full-hd-13-gen-intel-core-i5-8gb-512gb-ssd-linux-preto-carbono,notebook
"Notebook Samsung Galaxy Book4, Intel Core I5, 8GB, SSD 512, Tela 15.6"" Full HD LED, Windows 11 Home, Grafite",4049.1,Kabum,https://www.kabum.com.br/produto/586397/notebook-samsung-galaxy-book4-intel-core-i5-8gb-ssd-512-tela-15-6-full-hd-led-windows-11-home-grafite,notebook
"Notebook Lenovo IdeaPad Slim 3i, Core I5 13420H, 8GB RAM, 512GB, Tela 15.3"" FHD, Win11 - 83NS0002BR",4999.0,Kabum,https://www.kabum.com.br/produto/876251/notebook-lenovo-ideapad-slim-3i-core-i5-13420h-8gb-ram-512gb-tela-15-3-fhd-win11-83ns0002br,notebook
"Notebook Acer Aspire Go 15  AG15-71P-76A7 intel core I7 13º Geração 32GB RAM, 512GB SSD, FULL HD LED TN UHD, Linux - NX.JH6AL.009",6990.0,Kabum,https://www.kabum.com.br/produto/1052552/notebook-acer-aspire-go-15-ag15-71p-76a7-intel-core-i7-13-geracao-32gb-ram-512gb-ssd-full-hd-led-tn-uhd-linux-nx-jh6al-009,notebook
"Notebook Acer Aspire Go 15 AG15-71P-753G, Intel Core i7-13620H, 8GB RAM, SSD 256GB, 15.6"" Full HD, Linux, Verde escuro - NX.JH6AL.008",5999.99,Kabum,https://www.kabum.com.br/produto/1033627/notebook-acer-aspire-go-15-ag15-71p-753g-intel-core-i7-13620h-8gb-ram-ssd-256gb-15-6-full-hd-linux-verde-escuro-nx-jh6al-008,notebook
"Notebook Gamer Acer Nitro V15, Intel Core i7-13620H 13ª Geração, 16GB RAM, SSD 512GB, RTX 4060, Tela 15.6"" Full HD 165Hz, Linux - ANV15-52-790M",8099.1,Kabum,https://www.kabum.com.br/produto/912258/notebook-gamer-acer-nitro-v15-intel-core-i7-13620h-13-geracao-16gb-ram-ssd-512gb-rtx-4060-tela-15-6-full-hd-165hz-linux-anv15-52-790m,notebook
"Notebook Acer Nitro V15  ANV15-52-77BG intel core I7 13º Geração, RTX 4050, 16GB RAM, 512GB SSD, FULL HD LED IPS, Windows 11 - NH.U0CAL.004",10641.6,Kabum,https://www.kabum.com.br/produto/1052553/notebook-acer-nitro-v15-anv15-52-77bg-intel-core-i7-13-geracao-rtx-4050-16gb-ram-512gb-ssd-full-hd-led-ips-windows-11-nh-u0cal-004,notebook
"Notebook Gamer Lenovo LOQ, i5-12450HX, 16GB DDR5, 1TB SSD, RTX 4050 6GB, 15.6"" FHD, W11, Cinza - 83ME0001BR",8318.83,Kabum,https://www.kabum.com.br/produto/910589/notebook-gamer-lenovo-loq-i5-12450hx-16gb-ddr5-1tb-ssd-rtx-4050-6gb-15-6-fhd-w11-cinza-83me0001br,notebook
"Notebook Lenovo Ideapad Slim 3 15irh10 Intel Core i7-13620h 16gb 512gb SSD WINDOWS 11 15.3"" - 83ns0000br Luna Grey",6114.6,Kabum,https://www.kabum.com.br/produto/881638/notebook-lenovo-ideapad-slim-3-15irh10-intel-core-i7-13620h-16gb-512gb-ssd-windows-11-15-3-83ns0000br-luna-grey,notebook
"Notebook Lenovo Ideapad 1 15amn7 Amd Ryzen 5 7520u 8GB 512gb SSD WINDOWS 11 Home 15."" - 82x5000pbr",3519.12,Kabum,https://www.kabum.com.br/produto/1058797/notebook-lenovo-ideapad-1-15amn7-amd-ryzen-5-7520u-8gb-512gb-ssd-windows-11-home-15-82x5000pbr,notebook
"Notebook Asus Vivobook 15 M1502ya Amd Ryzen 7 5825u 8GB Ram 512 Gb SSD WINDOWS 11 Home 15,6"" Lcd LED Fhd Nível Ips Cool Silver Bq966w",3994.15,Kabum,https://www.kabum.com.br/produto/1031363/notebook-asus-vivobook-15-m1502ya-amd-ryzen-7-5825u-8gb-ram-512-gb-ssd-windows-11-home-15-6-lcd-led-fhd-nivel-ips-cool-silver-bq966w,notebook
"Notebook Gamer Predator Helios Neo 16, Intel Core Ultra 7 255HX, 32GB RAM, SSD 512GB, RTX 5070, Tela 16"" WQXGA 240Hz, Windows 11 Home - PHN16-73-76H8",12599.1,Kabum,https://www.kabum.com.br/produto/1020648/notebook-gamer-predator-helios-neo-phn16-73-76h8-intel-core-ultra-7-255hx-32gb-ram-512gb-ssd-rtx5070-w11-home-16-,notebook
"Notebook Acer AG15-71P-71YM CI713620H, 16GB, 512GB SSD, WNHPSL64, 15.6"" FHD, Windows 11, Cinza - NX.JF6AL.009",6840.0,Kabum,https://www.kabum.com.br/produto/904903/notebook-acer-ag15-71p-71ym-ci713620h-16gb-512gb-ssd-wnhpsl64-15-6-fhd-windows-11-cinza-nx-jf6al-009,notebook
"Notebook Dell 15 I Dc15-i71355u-m90 15.6"" Full Hd 13ª Gen Intel Core i7 16gb 512gb SSD Win 11 Preto Carbono",7253.1,Kabum,https://www.kabum.com.br/produto/1043070/notebook-dell-15-i-dc15-i71355u-m90-15-6-full-hd-13-gen-intel-core-i7-16gb-512gb-ssd-win-11-preto-carbono,notebook
"Notebook HP 256R G9, Intel Core i3 1315U, 8GB RAM, 256GB, 15.6 Polegadas, Windows 11, Intel UHD Graphics - BQ9K8AT#AK4",3284.1,Kabum,https://www.kabum.com.br/produto/873586/notebook-hp-256r-g9-intel-core-i3-1315u-8gb-ram-256gb-15-6-polegadas-windows-11-intel-uhd-graphics-bq9k8at-ak4,notebook
"Notebook Asus Vivobook Go 15, AMD Athlon Silver 7120U, 4GB RAM, SSD 128GB, 15.6"" IPS FHD, Windows 11 Home, Mixed Black",2699.1,Kabum,https://www.kabum.com.br/produto/1043050/notebook-asus-vivobook-go-15-amd-athlon-silver-7120u-4gb-ram-ssd-128gb-15-6-ips-fhd-windows-11-home-mixed-black,notebook
Notebook Asus Vivobook 16 X1605va Intel Core I7 1355u 16gb Ram 512gb SSD WINDOWS 11 Home Tela 16” Ips Fhd Silver - Mb763w,5382.39,Kabum,https://www.kabum.com.br/produto/627471/notebook-asus-vivobook-16-x1605va-intel-core-i7-1355u-16gb-ram-512gb-ssd-windows-11-home-tela-16-ips-fhd-silver-mb763w,notebook
Notebook Gamer Lenovo Loq 15irx9 Intel Core i5-14500hx 16gb 1TB SSD RTX 3050 WINDOWS 11 Home - 83kh000sbr,7911.01,Kabum,https://www.kabum.com.br/produto/1062358/notebook-gamer-lenovo-loq-15irx9-intel-core-i5-14500hx-16gb-1tb-ssd-rtx-3050-windows-11-home-83kh000sbr,notebook
"Notebook Gamer Acer Nitro V15, Intel Core i5-13420H 13ª Geração, 16GB RAM, SSD 512GB, RTX 4060, Tela 15.6"" Full HD 165Hz, Linux - ANV15-52-52VN",8279.1,Kabum,https://www.kabum.com.br/produto/912257/notebook-gamer-acer-nitro-v15-anv15-52-52vn-intel-core-i5-13420h-13-g-512-gb-ssd-16-gb-ram-rtx-4060-15-6-,notebook
"Notebook Asus Gamer V16 Rp213 RTX 5050 Core 5 8GB Ram 512gb SSD Linux 16"" Lcd LED Fhd 144hz Nível Ips",6119.15,Kabum,https://www.kabum.com.br/produto/1056505/notebook-asus-gamer-v16-rp213-rtx-5050-core-5-8gb-ram-512gb-ssd-linux-16-lcd-led-fhd-144hz-nivel-ips,notebook
"Notebook Lenovo IdeaPad 1 15IRU7, Intel Core i3-1315U, 8GB, SSD 256GB, 15.6"""" FHD, Windows 11 Home, Cloud Grey - 83QJ0001BO",4499.0,Kabum,https://www.kabum.com.br/produto/1034156/notebook-lenovo-ideapad-1-15iru7-intel-core-i3-1315u-8gb-ssd-256gb-15-6-fhd-windows-11-home-cloud-grey-83qj0001bo,notebook
"Notebook Dell 15 Dc15-i51334u-u70 15.6"" Full Hd 13ª Gen Intel Core i5 16gb 512gb SSD Linux Preto Carbono",6479.1,Kabum,https://www.kabum.com.br/produto/1028020/notebook-dell-15-dc15-i51334u-u70-15-6-full-hd-13-gen-intel-core-i5-16gb-512gb-ssd-linux-preto-carbono,notebook
"Notebook Dell 15 Dc15-i51334u-m70 15.6"" Full Hd 13ª Gen Intel Core i5 16gb 512gb SSD Win 11 Preto Carbono",6917.48,Kabum,https://www.kabum.com.br/produto/1028021/notebook-dell-15-dc15-i51334u-m70-15-6-full-hd-13-gen-intel-core-i5-16gb-512gb-ssd-win-11-preto-carbono,notebook
"Notebook Lenovo Ideapad Slim 3 15irh10 Intel Core i5-13420h 16gb 512gb SSD WINDOWS 11 15.3"" - 83ns0001br Luna Grey",5015.12,Kabum,https://www.kabum.com.br/produto/883577/notebook-lenovo-ideapad-slim-3-15irh10-intel-core-i5-13420h-16gb-512gb-ssd-windows-11-15-3-83ns0001br-luna-grey,notebook
"Notebook Hp 250r G9 i5-1334u Memória 16gb Ddr4 SSD Nvme 256gb Tela 15,6'' Hd WINDOWS 11 Pro",5650.68,Kabum,https://www.kabum.com.br/produto/1038505/notebook-hp-250r-g9-i5-1334u-memoria-16gb-ddr4-ssd-nvme-256gb-tela-15-6-hd-windows-11-pro,notebook
"Notebook Lenovo Ideapad 1 R3-7320u 4gb 256gb SSD Linux 15.6"" 82x5s00600 Cloud Grey",2903.12,Kabum,https://www.kabum.com.br/produto/530844/notebook-lenovo-ideapad-1-r3-7320u-4gb-256gb-ssd-linux-15-6-82x5s00600-cloud-grey,notebook
"Notebook Samsung Galaxy Book4, Intel Core I3, 8GB,  SSD 256GB, Tela 15.6"" Full HD LED, Windows 11 Home, Grafite",3599.1,Kabum,https://www.kabum.com.br/produto/586453/notebook-samsung-galaxy-book4-intel-core-i3-8gb-ssd-256gb-tela-15-6-full-hd-led-windows-11-home-grafite,notebook
"Notebook Lenovo Ideapad Slim 3 15iru10 Intel Core 3 100u 8GB 256gb SSD Linux 15.3"" - 83nus00000 Luna Grey",3238.38,Kabum,https://www.kabum.com.br/produto/1008286/notebook-lenovo-ideapad-slim-3-15iru10-intel-core-3-100u-8gb-256gb-ssd-linux-15-3-83nus00000-luna-grey,notebook
"Notebook Dell 15 I Dc15-i71355u-u90 15.6"" Full Hd 13ª Gen Intel Core i7 16gb 512gb SSD Ubuntu Linux Preto Carbono",6965.1,Kabum,https://www.kabum.com.br/produto/1043071/notebook-dell-15-i-dc15-i71355u-u90-15-6-full-hd-13-gen-intel-core-i7-16gb-512gb-ssd-ubuntu-linux-preto-carbono,notebook
"Notebook Acer Aspire Go Ag15 Core i5-13420h 8GB Ddr5 512gb SSD Tela 15.6"" Full Hd W11 - Cinza",4047.08,Kabum,https://www.kabum.com.br/produto/918097/notebook-acer-aspire-go-15-intel-core-i5-13420h-8gb-ram-512gb-ssd-15-6-full-hd-w11,notebook
"Notebook Asus Tuf Gaming F16 Fx608jhr Nvidia RTX 5050 Intel Core i5 14a 16gb Ram 512gb SSD WINDOWS 11 Home Tela 16"" LED Fhd 165hz Gray - Rv122w",8924.15,Kabum,https://www.kabum.com.br/produto/1008856/notebook-asus-tuf-gaming-f16-fx608jhr-nvidia-rtx-5050-intel-core-i5-14a-16gb-ram-512gb-ssd-windows-11-home-tela-16-led-fhd-165hz-gray-rv122w,notebook
"Notebook Lenovo Ideapad Slim 3 15irh10 Intel Core i5-13420h SSD 512gb 8GB 15.3""",4255.44,Kabum,https://www.kabum.com.br/produto/1055954/notebook-lenovo-ideapad-slim-3-15irh10-intel-core-i5-13420h-ssd-512gb-8gb-15-3-,notebook
"Notebook Asus Vivobook Go E1504fa Amd Ryzen 5 7520u 8GB Ram 512gb SSD Linux Keepos Tela 15,6"" Fhd Black - Nj732",3304.61,Kabum,https://www.kabum.com.br/produto/549510/notebook-asus-vivobook-go-e1504fa-amd-ryzen-5-7520u-8gb-ram-512gb-ssd-linux-keepos-tela-15-6-fhd-black-nj732,notebook
"Notebook Acer Aspire 5 A515-45-R478 AMD Ryzen 5 16GB 15,6” Full HD Linux NX.AYDAL.00R",4049.1,Kabum,https://www.kabum.com.br/produto/956980/notebook-acer-aspire-5-a515-45-r478-amd-ryzen-5-16gb-15-6-full-hd-linux-nx-aydal-00r,notebook
"Notebook Asus Vivobook Go 15, AMD Ryzen 5-7520u 2.8GHz, 8GB, SSD 512GB, Tela 15.6"" Full HD, Windows 11 Home, Preto - E1504fa-Nj836w",3799.05,Kabum,https://www.kabum.com.br/produto/515946/notebook-asus-vivobook-go-15-e1504fa-nj836w-amd-ryzen-5-7520u-2-8-ghz-8gb-512gb-ssd-windows-11-home-15-6-full-hd-preto,notebook
"Notebook Lenovo Ideapad Slim 3 15arp10 Amd Ryzen 7 7735hs 16gb 512gb SSD WINDOWS 11 15.3"" - 83mm0002bo Luna Grey",5451.06,Kabum,https://www.kabum.com.br/produto/921850/notebook-lenovo-ideapad-slim-3-15arp10-amd-ryzen-7-7735hs-16gb-512gb-ssd-windows-11-15-3-83mm0002bo-luna-grey,notebook
Notebook Vaio Fe16 Amd® Ryzen 5-5625u WINDOWS 11 Home 16gb Ram 512gb SSD 16” Ips Wuxga Antirreflexo - Cinza Grafite,4499.1,Kabum,https://www.kabum.com.br/produto/777010/notebook-vaio-fe16-amd-ryzen-5-5625u-16gb-ram-512gb-ssd-16-ips-wuxga-windows-11-home-grafite,notebook
"Notebook Positivo Vision R15m Amd Ryzen 3-7330u, 8GB RAM, SSD 256GB, Tela 15” Full Hd Ips, Wi-fi 6, Linux  - Minitela - Preto",2649.0,Kabum,https://www.kabum.com.br/produto/1040499/notebook-positivo-vision-r15m-amd-ryzen-3-7330u-8gb-ram-ssd-256gb-tela-15-full-hd-ips-wi-fi-6-linux-minitela-preto,notebook
"Notebook Lenovo Ideapad Slim 3 15irh10 Intel Core i5-13420h 16gb 512gb SSD WINDOWS 11 15.3"" Tela Touch - 83ns000bbr Luna Grey",5279.12,Kabum,https://www.kabum.com.br/produto/885259/notebook-lenovo-ideapad-slim-3-15irh10-intel-core-i5-13420h-16gb-512gb-ssd-windows-11-15-3-83ns000bbr-luna-grey,notebook
Notebook Positivo Vision C14 Intel® Celeron® WINDOWS 11 Home 4gb 128GB Emmc 14” Lumina Bar Cinza - Inclui Microsoft 365*,2089.05,Kabum,https://www.kabum.com.br/produto/475522/notebook-positivo-vision-c14-intel-celeron-windows-11-home-4gb-128gb-emmc-14-hd-lumina-bar-cinza-inclui-microsoft-365-,notebook
"Notebook Asus Vivobook Go 15 E1504fa Amd Ryzen™ 5 7520u 8GB Ram 256gb SSD Linux Keepos 15,60"" Fhd Mixed Black - Nj731",3115.73,Kabum,https://www.kabum.com.br/produto/579676/notebook-asus-vivobook-go-15-e1504fa-amd-ryzen-5-7520u-8gb-ram-256gb-ssd-linux-keepos-15-60-fhd-mixed-black-nj731,notebook
"Notebook Asus Vivobook 15 X1504va Intel Core i5 1334u, 8GB RAM, SSD 512GB, Intel Iris Xe, Tela 15.6"" FHD, Windows 11, Silver - Nj1740w.",4949.9,Kabum,https://www.kabum.com.br/produto/776251/notebook-asus-vivobook-15-x1504va-intel-core-i5-1334u-8gb-ram-512gb-ssd-intel-iris-xe-windows-11-tela-15-6-fhd-silver-nj1740w,notebook
"Notebook Acer Aspire 5 A515-57-727C Intel Core i7-12650H, 32GB RAM, SSD 1TB NVMe, Tela 15.6"" Full HD",7480.78,Kabum,https://www.kabum.com.br/produto/640415/notebook-acer-aspire-5-i7-15-fhd-i7-12-gen-nvme-1tb-32gb-ram,notebook
"Notebook Vaio Fe16 Amd® Ryzen 7-5825u Linux 8GB Ram 256gb SSD 16"" Ips Wuxga Antirreflexo - Cinza Grafite",3589.0,Kabum,https://www.kabum.com.br/produto/1007133/notebook-vaio-fe16-amd-ryzen-7-5825u-linux-8gb-ram-256gb-ssd-16-ips-wuxga-antirreflexo-cinza-grafite,notebook
"Notebook Acer Aspire Go Intel i3 1305U 8GB DDR5 SSD 256GB Tela  15,3"" WUXGA Windows 11 Azul Escuro",3509.1,Kabum,https://www.kabum.com.br/produto/953007/notebook-acer-aspire-go-intel-i3-1305u-8gb-ddr5-ssd-256gb-tela-15-3-wuxga-windows-11-azul-escuro,notebook
Notebook Gamer Acer Nitro V15 Intel Core i5 512GB SSD 16GB RAM 15.6” Full HD 165Hz IPS NVIDIA RTX 4050 6GB Linux ANV15-52-52XM,6479.1,Kabum,https://www.kabum.com.br/produto/953054/notebook-gamer-acer-nitro-v15-intel-core-i5-512gb-ssd-16gb-ram-15-6-full-hd-165hz-ips-nvidia-rtx-4050-6gb-linux-anv15-52-52xm,notebook
Notebook Gamer Acer Predator Helios Neo Phn16-72-75tx Intel® Core™ i7-14700hx De 14ªg 32gb Ram 512gb SSD RTX4070 W11 Home 16”,11699.1,Kabum,https://www.kabum.com.br/produto/1029482/notebook-gamer-acer-predator-helios-neo-phn16-72-75tx-intel-core-i7-14700hx-de-14-g-32gb-ram-512gb-ssd-rtx4070-w11-home-16-,notebook
"Notebook Asus Vivobook S 14 S5406sa Copilot+ PC Intel Core Ultra 7 256 V 16gb Ram 512gb SSD WINDOWS 11 Home 14"" OLED Mist Blue Qd299w",5949.15,Kabum,https://www.kabum.com.br/produto/1050662/notebook-asus-vivobook-s-14-s5406sa-copilot-pc-intel-core-ultra-7-256-v-16gb-ram-512gb-ssd-windows-11-home-14-oled-mist-blue-qd299w,notebook
"Notebook Asus Vivobook Go 15 E1504fa Amd Ryzen 5 16gb Ram 512gb SSD WINDOWS 11 Home 15,6"" Lcd LED Fhd Nível Ips Nj1942w",4249.15,Kabum,https://www.kabum.com.br/produto/1036742/notebook-asus-vivobook-go-15-e1504fa-amd-ryzen-5-16gb-ram-512gb-ssd-windows-11-home-15-6-lcd-led-fhd-nivel-ips-nj1942w,notebook
"Notebook Asus Zenbook S14, Intel Core Ultra 7 258 V, 32gb, 1TB SSD, WINDOWS 11 Home, 14"" OLED, Zumaia Gray, Copilot+ PC",11049.15,Kabum,https://www.kabum.com.br/produto/1031365/notebook-asus-zenbook-s14-intel-core-ultra-7-258-v-32gb-1tb-ssd-windows-11-home-14-oled-zumaia-gray-copilot-pc,notebook
"Notebook Lenovo Ideapad Slim 3i 15.3"" Intel Core i5 13420h 8GB Ddr5 512gb SSD Win 11 Home",3955.08,Kabum,https://www.kabum.com.br/produto/934681/notebook-lenovo-ideapad-slim-3-15irh10-15-3-wuxga-i5-13420h-8gb-512gb-ssd-win-11-home,notebook
"Notebook Acer Aspire 16 A16-71M-55H0 Intel Core Ultra 5 com IA Integrada 115U 16GB RAM 512GB SSD 16"" Windows 11",5543.12,Kabum,https://www.kabum.com.br/produto/956982/notebook-acer-aspire-16-a16-71m-55h0-intel-core-ultra-5-com-ia-integrada-115u-16gb-ram-512gb-ssd-16-windows-11,notebook
"Notebook Gamer Acer Nitro V15, Intel Core i7-13620H 13ª Geração, 16GB RAM, SSD 512GB, RTX 4050, Tela 15.6"" Full HD 165Hz, Linux - ANV15-52-737P",8999.1,Kabum,https://www.kabum.com.br/produto/916712/notebook-gamer-acer-nitro-v15-anv15-52-737p-intel-core-i7-13620h-13-g-16gb-ram-512gb-ssd-rtx4050-fhd-15-6-,notebook
"Notebook Lenovo V15 G5 Irl Intel Core i5-13420h 16gb 512gb SSD WINDOWS 11 Pro 15.6"" - 83uw000nbo Preto",6569.1,Kabum,https://www.kabum.com.br/produto/1007891/notebook-lenovo-v15-g5-irl-intel-core-i5-13420h-16gb-512gb-ssd-windows-11-pro-15-6-83uw000nbo-preto,notebook
"Notebook Lenovo Ideapad Slim 3i Intel Core 3 100u 8GB 256gb SSD  WINDOWS 11 15.3"" - 83nu0000br Luna Grey",3419.1,Kabum,https://www.kabum.com.br/produto/999541/notebook-lenovo-ideapad-slim-3i-intel-core-3-100u-8gb-256gb-ssd-windows-11-15-3-83nu0000br-luna-grey,notebook
"Notebook Asus Tuf Gaming F16, Intel Core i5 14a Geração, 16GB RAM, RTX 5060, SSD 512GB, Tela 16"" LED Fhd+ Nível Ips, WINDOWS 11 Home, Jaeger Gray",8414.15,Kabum,https://www.kabum.com.br/produto/1033358/notebook-asus-tuf-gaming-f16-intel-core-i5-14a-geracao-16gb-ram-rtx-5060-ssd-512gb-tela-16-led-fhd-nivel-ips-windows-11-home-jaeger-gray,notebook
"Notebook Gamer Dell Alienware 15 Da15260 Da15-c5210h-u40 15,3"" Wuxga Intel Core5 16gb 512gbssd Nvidia RTX4050 Ubuntu",9185.55,Kabum,https://www.kabum.com.br/produto/1072054/notebook-gamer-dell-alienware-15-da15260-da15-c5210h-u40-15-3-wuxga-intel-core5-16gb-512gbssd-nvidia-rtx4050-ubuntu,notebook
"Notebook Acer Intel Core i7 13th 8GB SSD 512gb Ddr5 15,6” WINDOWS 11 Pro",5529.89,Kabum,https://www.kabum.com.br/produto/935625/notebook-acer-intel-core-i7-13th-8gb-ssd-512gb-ddr5-15-6-windows-11-pro,notebook
"Notebook Lenovo V15 G5 Intel Core i5-13420h 8GB 256gb SSD Nvme 15.6"" Full Hd WINDOWS 11 Pro",5887.78,Kabum,https://www.kabum.com.br/produto/1038498/notebook-lenovo-v15-g5-intel-core-i5-13420h-8gb-256gb-ssd-nvme-15-6-full-hd-windows-11-pro,notebook
"Notebook Gamer Acer Nitro V15 ANV15-52-57MC, Intel Core i5-13420H, 8GB RAM, SSD 512GB, 15.6"" FHD, RTX 4050, Linux, Preto - NH.U1TAL.004",7999.0,Kabum,https://www.kabum.com.br/produto/1066357/notebook-gamer-acer-nitro-v15-anv15-52-57mc-intel-core-i5-13420h-8gb-ram-ssd-512gb-15-6-fhd-rtx-4050-linux-preto-nh-u1tal-004,notebook
"Notebook Gamer Acer Nitro V15, Intel Core i7-13620H 13ª Geração, 8GB RAM, SSD 512GB, RTX 4050, Tela 15.6"" Full HD 165Hz, Linux - ANV15-52-778T",8099.1,Kabum,https://www.kabum.com.br/produto/1047959/notebook-gamer-acer-nitro-v15-anv15-52-778t-intel-core-i7-13620h-de-13-g-8gb-ram-512gb-ssd-rtx4050-15-6-linux,notebook
"Notebook Gamer Rog Strix G16 G615jmr Nvidia RTX5060 Intel Core i9 14900hx 16gb Ram 512gb SSD WINDOWS 11 Tela 16"" 240hz Fhd Gray - S5001w",11899.15,Kabum,https://www.kabum.com.br/produto/885809/notebook-gamer-rog-strix-g16-g615jmr-nvidia-rtx5060-intel-core-i9-14900hx-16gb-ram-512gb-ssd-windows-11-tela-16-240hz-fhd-gray-s5001w,notebook
